road,road_speed,road_size,x,y,plate,time,direction
road2,144,62111,101,2,PA873,1687286703.579506,1
road4,170,87097,98,4,GT826,1687286703.829717,1
road5,152,59840,121,3,ZY382,1687286703.8617578,1
road3,130,70900,127,5,CT248,1687286703.9724922,1
road5,152,59840,81,2,PI140,1687286704.0504901,1
road6,135,86558,108,0,AI125,1687286704.2155027,1
road0,172,92641,135,2,CQ094,1687286704.2934797,1
road0,172,92641,97,1,LW495,1687286704.416484,1
road3,130,70900,107,7,BZ488,1687286704.4728177,1
road5,152,59840,122,7,ZD230,1687286704.4954743,1
road0,172,92641,160,4,ZF948,1687286704.5215952,1
road6,135,86558,63,2,UY775,1687286704.5665116,1
road3,130,70900,121,0,BH673,1687286704.6055207,1
road8,149,72331,110,6,NN265,1687286704.643467,1
road7,200,73889,96,1,WA272,1687286704.6634655,1
road8,149,72331,79,1,ZA183,1687286704.6744676,1
road7,200,73889,126,0,VB023,1687286704.720465,1
road4,170,87097,122,4,CH794,1687286704.7484648,1
road9,149,99426,100,0,WN604,1687286704.8204594,1
road9,149,99426,73,1,WK061,1687286704.8794577,1
road4,170,87097,98,5,GT826,1687286704.9024563,1
road4,170,87097,148,2,ZN767,1687286704.9184582,1
road6,135,86558,71,4,BQ555,1687286705.0794501,1
road0,172,92641,97,0,LW495,1687286705.1544535,1
road2,144,62111,139,0,OK906,1687286705.217686,1
road9,149,99426,141,4,HF310,1687286705.2484474,1
road8,149,72331,97,2,US776,1687286705.4964366,1
road5,152,59840,127,0,QF641,1687286705.5564334,1
road0,172,92641,61,1,XY254,1687286705.6331513,1
road1,164,83799,103,2,EK016,1687286705.639151,1
road3,130,70900,70773,10,OO546,1687286707.1072452,-1
road7,200,73889,73791,7,UV434,1687286707.4242795,-1
road7,200,73889,73827,10,NY113,1687286707.6971724,-1
road3,130,70900,70837,9,LP691,1687286707.7100716,-1
road7,200,73889,73751,8,FX930,1687286707.8290887,-1
road3,130,70900,70836,15,KE946,1687286707.8980649,-1
road2,144,62111,62029,9,VP896,1687286708.0754087,-1
road2,144,62111,61999,7,MV621,1687286708.1001325,-1
road3,130,70900,70803,8,CD356,1687286708.1440573,-1
road4,170,87097,86989,8,FL018,1687286708.2243333,-1
road2,144,62111,62035,7,PT204,1687286708.3910482,-1
road7,200,73889,73800,6,MJ013,1687286708.4350455,-1
road1,164,83799,83643,5,NL928,1687286708.57804,-1
road5,152,59840,59772,15,BO582,1687286708.6050396,-1
road6,135,86558,86456,8,ZU833,1687286708.7193432,-1
road5,152,59840,59700,8,ZI913,1687286708.8442082,-1
road2,144,62111,62037,10,WF735,1687286708.8740304,-1
road9,149,99426,99314,8,BL587,1687286708.9313838,-1
road6,135,86558,86443,7,PA224,1687286708.9570267,-1
road8,149,72331,72235,12,EJ199,1687286709.014024,-1
road1,164,83799,83650,7,GL773,1687286709.0630846,-1
road2,144,62111,62027,8,KF775,1687286709.1080203,-1
road5,152,59840,59756,11,NL206,1687286709.1990523,-1
road0,172,92641,92517,7,JK162,1687286709.258015,-1
road5,152,59840,59713,9,NN201,1687286709.3070138,-1
road2,144,62111,62035,6,PT204,1687286709.36001,-1
road9,149,99426,99330,6,TN763,1687286709.4350097,-1
road1,164,83799,83635,6,BX474,1687286709.4890058,-1
road4,170,87097,87034,6,CC329,1687286709.512007,-1
road9,149,99426,99335,7,DD390,1687286709.5620027,-1
road0,172,92641,92487,8,OX441,1687286709.7070007,-1
road0,172,92641,92521,6,XS312,1687286709.800018,-1
road0,172,92641,92519,5,FV511,1687286709.8339937,-1
road3,130,70900,111,3,XX272,1687286711.0323937,1
road3,130,70900,79,6,YP145,1687286711.958614,1
road3,130,70900,254,5,CT248,1687286712.6365883,1
road3,130,70900,95,0,QX814,1687286712.6738205,1
road3,130,70900,69,7,KF221,1687286713.1655703,1
road3,130,70900,242,0,BH673,1687286713.3676136,1
road7,200,73889,192,1,WA272,1687286713.4838543,1
road8,149,72331,194,2,US776,1687286713.543555,1
road7,200,73889,113,0,QW084,1687286713.6945481,1
road7,200,73889,168,5,CQ266,1687286713.9395394,1
road5,152,59840,162,2,PI140,1687286714.048774,1
road8,149,72331,122,1,LW698,1687286714.1105344,1
road6,135,86558,142,4,BQ555,1687286714.1765313,1
road3,130,70900,214,7,BZ488,1687286714.2715266,1
road5,152,59840,133,1,ZW169,1687286714.6352062,1
road9,149,99426,74,0,YQ218,1687286714.6425145,1
road6,135,86558,73,3,OT436,1687286715.0325174,1
road6,135,86558,129,0,ZA782,1687286715.1013806,1
road2,144,62111,278,0,OK906,1687286715.522482,1
road5,152,59840,65,3,QS065,1687286715.5825055,1
road8,149,72331,143,5,VR395,1687286715.6517055,1
road0,172,92641,89,0,EJ396,1687286715.7195761,1
road5,152,59840,102,5,WK641,1687286715.7385771,1
road6,135,86558,216,0,AI125,1687286715.7865734,1
road7,200,73889,167,2,EI598,1687286715.8455722,1
road7,200,73889,252,0,VB023,1687286715.8835728,1
road8,149,72331,63,4,AI433,1687286715.9485679,1
road6,135,86558,91,1,JY708,1687286716.068562,1
road4,170,87097,196,4,GT826,1687286716.148561,1
road4,170,87097,85,1,FB364,1687286716.1755595,1
road8,149,72331,77,3,US849,1687286716.2755573,1
road5,152,59840,254,0,QF641,1687286716.3255541,1
road8,149,72331,148,2,PT724,1687286716.4715486,1
road6,135,86558,126,2,UY775,1687286716.586544,1
road0,172,92641,111,2,WA834,1687286716.635542,1
road4,170,87097,296,1,ZN767,1687286716.7085395,1
road2,144,62111,133,3,CS542,1687286716.8460538,1
road5,152,59840,138,4,OA302,1687286716.9840486,1
road1,164,83799,87,4,PI625,1687286717.0190463,1
road4,170,87097,196,4,CH794,1687286717.1993062,1
road8,149,72331,158,1,ZA183,1687286717.236769,1
road1,164,83799,124,0,CQ422,1687286717.2942977,1
road0,172,92641,122,1,XY254,1687286717.3729827,1
road4,170,87097,133,5,WY305,1687286717.3978841,1
road9,149,99426,98,4,HU460,1687286717.4498842,1
road9,149,99426,200,0,WN604,1687286717.6448753,1
road5,152,59840,242,3,ZY382,1687286717.645875,1
road0,172,92641,122,1,LW495,1687286717.870618,1
road8,149,72331,220,6,NN265,1687286717.9189706,1
road9,149,99426,282,4,HF310,1687286718.0711176,1
road4,170,87097,196,4,CH794,1687286718.202112,1
road2,144,62111,202,2,PA873,1687286718.325372,1
road0,172,92641,270,2,CQ094,1687286718.367413,1
road1,164,83799,115,1,UW541,1687286718.385105,1
road5,152,59840,244,7,ZD230,1687286718.48693,1
road8,149,72331,63,0,DH294,1687286718.5419354,1
road4,170,87097,196,4,CH794,1687286718.6239257,1
road3,130,70900,70798,13,QQ458,1687286718.8489165,-1
road4,170,87097,123,2,TE928,1687286718.860918,1
road9,149,99426,146,1,WK061,1687286718.9186206,1
road0,172,92641,320,4,ZF948,1687286719.1920989,1
road3,130,70900,70646,10,OO546,1687286719.3982003,-1
road3,130,70900,70772,15,KE946,1687286719.516279,-1
road4,170,87097,196,4,CH794,1687286719.5498908,1
road3,130,70900,70774,8,LP691,1687286719.617362,-1
road4,170,87097,145,4,LA440,1687286719.724884,1
road0,172,92641,320,3,ZF948,1687286719.8013673,1
road0,172,92641,122,1,LW495,1687286719.8374083,1
road0,172,92641,122,1,LW495,1687286719.871531,1
road3,130,70900,70774,8,CD356,1687286719.9235554,-1
road7,200,73889,73693,7,UV434,1687286719.9925258,-1
road7,200,73889,73711,6,MJ013,1687286720.1425211,-1
road9,149,99426,144,2,DK495,1687286720.316517,1
road7,200,73889,73753,9,PB796,1687286720.3415139,-1
road3,130,70900,70780,10,EJ007,1687286720.5185065,-1
road7,200,73889,73765,10,NY113,1687286720.5237067,-1
road0,172,92641,122,1,LW495,1687286720.5255053,1
road7,200,73889,73714,11,EG111,1687286720.704557,-1
road1,164,83799,206,2,EK016,1687286720.7675555,1
road3,130,70900,70774,12,HZ761,1687286720.861553,-1
road6,135,86558,86430,5,SE987,1687286720.925552,-1
road3,130,70900,70774,8,CD356,1687286720.9485486,-1
road3,130,70900,70772,14,KE946,1687286720.9905467,-1
road7,200,73889,73829,7,OB699,1687286721.0935438,-1
road7,200,73889,73613,8,FX930,1687286721.1465404,-1
road6,135,86558,86354,7,PA224,1687286721.3625326,-1
road6,135,86558,86437,9,CW320,1687286721.6516287,-1
road6,135,86558,86354,7,ZU833,1687286721.6915236,-1
road6,135,86558,86461,6,HH037,1687286721.901972,-1
road6,135,86558,86467,7,TA463,1687286722.193824,-1
road2,144,62111,61959,7,MV621,1687286722.5777054,-1
road6,135,86558,86354,7,PA224,1687286722.6247053,-1
road2,144,62111,62046,7,TL588,1687286722.9886606,-1
road5,152,59840,59769,10,VW006,1687286723.5866375,-1
road2,144,62111,61959,7,MV621,1687286723.6423786,-1
road2,144,62111,61959,7,MV621,1687286724.2991965,-1
road2,144,62111,61967,11,UD451,1687286724.456435,-1
road5,152,59840,59704,15,BO582,1687286724.7587306,-1
road2,144,62111,61959,7,PT204,1687286724.8214388,-1
road2,144,62111,61947,9,VP896,1687286725.1607132,-1
road5,152,59840,59770,9,ZJ956,1687286725.3396115,-1
road2,144,62111,61959,7,MV621,1687286725.6649432,-1
road4,170,87097,87024,11,AB443,1687286725.7219436,-1
road5,152,59840,59672,11,NL206,1687286725.7869418,-1
road4,170,87097,86996,9,AU519,1687286726.0503001,-1
road8,149,72331,72139,12,EJ199,1687286726.2749197,-1
road4,170,87097,86881,8,FL018,1687286726.4110625,-1
road5,152,59840,59560,8,ZI913,1687286726.456072,-1
road5,152,59840,59706,14,JK068,1687286726.4629166,-1
road2,144,62111,61963,10,WF735,1687286726.5379124,-1
road2,144,62111,61943,8,KF775,1687286726.625909,-1
road0,172,92641,92495,6,RU897,1687286726.6619084,-1
road5,152,59840,59586,9,NN201,1687286726.7269182,-1
road9,149,99426,99351,6,XO910,1687286726.757903,-1
road9,149,99426,99202,8,BL587,1687286726.757903,-1
road0,172,92641,92397,5,FV511,1687286726.785995,-1
road8,149,72331,72258,8,WD018,1687286726.9068975,-1
road9,149,99426,99234,6,TN763,1687286726.9398992,-1
road9,149,99426,99284,6,JS082,1687286727.2038865,-1
road9,149,99426,99320,9,UH029,1687286727.864901,-1
road0,172,92641,92393,8,OX441,1687286728.074856,-1
road1,164,83799,83692,5,GZ789,1687286728.1328533,-1
road0,172,92641,92393,8,JK162,1687286728.1794152,-1
road7,200,73889,147,2,BI172,1687286728.3834078,1
road1,164,83799,83471,6,BX474,1687286728.7045126,-1
road0,172,92641,92578,7,TP339,1687286728.7825098,-1
road4,170,87097,86971,6,CC329,1687286728.848506,-1
road3,130,70900,72,5,JD763,1687286728.8865948,1
road3,130,70900,158,5,YP145,1687286729.0045004,1
road1,164,83799,83675,7,SR379,1687286729.0055027,-1
road0,172,92641,92393,8,OX441,1687286729.0065148,-1
road1,164,83799,83487,5,NL928,1687286729.1604939,-1
road3,130,70900,118,6,JM851,1687286729.196507,1
road1,164,83799,83501,7,GL773,1687286729.2854884,-1
road3,130,70900,317,7,BZ488,1687286729.4744833,1
road9,149,99426,99284,5,JS082,1687286729.7643023,-1
road7,200,73889,286,1,WA272,1687286729.8713288,1
road3,130,70900,138,7,KF221,1687286729.9782944,1
road6,135,86558,146,3,OT436,1687286730.0637226,1
road3,130,70900,190,0,QX814,1687286730.1912892,1
road7,200,73889,121,3,YF662,1687286730.307144,1
road6,135,86558,217,4,BQ555,1687286730.605849,1
road7,200,73889,375,0,VB023,1687286730.686774,1
road6,135,86558,182,0,JY708,1687286730.688798,1
road9,149,99426,99244,7,DD390,1687286730.8007698,-1
road6,135,86558,110,3,HI969,1687286730.8550596,1
road6,135,86558,191,2,UY775,1687286730.8757658,1
road7,200,73889,226,0,QW084,1687286730.974763,1
road0,172,92641,92401,7,XS312,1687286731.008759,-1
road3,130,70900,222,3,XX272,1687286731.0447588,1
road7,200,73889,336,5,CQ266,1687286731.117757,1
road7,200,73889,83,4,FL093,1687286731.3058023,1
road6,135,86558,182,0,ZA782,1687286731.3699002,1
road7,200,73889,196,5,ZX516,1687286731.3857467,1
road3,130,70900,359,0,BH673,1687286731.4548788,1
road3,130,70900,119,4,OO395,1687286731.5819118,1
road6,135,86558,105,1,NL165,1687286731.8277845,1
road3,130,70900,378,5,CT248,1687286731.899794,1
road6,135,86558,102,4,AH354,1687286732.1517751,1
road6,135,86558,182,0,ZA782,1687286732.3521183,1
road5,152,59840,67,0,PA680,1687286732.4041197,1
road6,135,86558,319,0,AI125,1687286732.575757,1
road5,152,59840,99,2,TJ073,1687286732.7597613,1
road7,200,73889,334,2,EI598,1687286732.791824,1
road5,152,59840,130,3,QS065,1687286733.3347282,1
road3,130,70900,60,0,LD133,1687286733.811118,1
road8,149,72331,287,2,PT724,1687286733.8471184,1
road2,144,62111,301,2,PA873,1687286734.343363,1
road5,152,59840,366,3,ZY382,1687286734.3531003,1
road2,144,62111,63,2,QA098,1687286734.8230808,1
road2,144,62111,97,1,ZB265,1687286735.1060698,1
road2,144,62111,67,0,WI179,1687286735.3510604,1
road2,144,62111,413,0,OK906,1687286735.4270587,1
road8,149,72331,236,1,LW698,1687286735.5393562,1
road5,152,59840,368,7,ZD230,1687286735.605051,1
road8,149,72331,236,1,ZA183,1687286735.6064453,1
road5,152,59840,245,2,PI140,1687286735.81256,1
road8,149,72331,104,1,YM270,1687286736.1162703,1
road8,149,72331,119,3,ZD058,1687286736.6022506,1
road8,149,72331,287,2,PT724,1687286736.6985338,1
road8,149,72331,236,1,LW698,1687286736.835242,1
road8,149,72331,126,3,AI433,1687286736.9262385,1
road8,149,72331,236,1,LW698,1687286736.9272554,1
road8,149,72331,126,3,US849,1687286737.0212336,1
road5,152,59840,139,4,CG687,1687286737.430338,1
road4,170,87097,196,4,GT826,1687286737.6572475,1
road2,144,62111,118,4,CA635,1687286737.9122014,1
road5,152,59840,204,5,WK641,1687286737.912919,1
road8,149,72331,286,5,VR395,1687286738.179192,1
road5,152,59840,276,4,OA302,1687286738.318191,1
road4,170,87097,149,5,GP312,1687286738.4991806,1
road4,170,87097,196,4,GT826,1687286738.5306137,1
road8,149,72331,126,0,DH294,1687286738.610659,1
road5,152,59840,379,0,QF641,1687286738.672173,1
road4,170,87097,446,1,ZN767,1687286738.8201683,1
road2,144,62111,266,3,CS542,1687286738.8471677,1
road8,149,72331,126,5,AR413,1687286738.9151666,1
road8,149,72331,287,2,US776,1687286738.9961612,1
road1,164,83799,148,4,IA523,1687286738.9971616,1
road8,149,72331,126,3,US849,1687286739.0631597,1
road8,149,72331,236,1,LW698,1687286739.0881715,1
road4,170,87097,246,3,TE928,1687286739.1721559,1
road4,170,87097,170,1,FB364,1687286739.2161548,1
road4,170,87097,196,4,LA440,1687286739.90314,1
road9,149,99426,215,1,WK061,1687286739.9913967,1
road1,164,83799,248,0,CQ422,1687286740.0574107,1
road1,164,83799,310,2,EK016,1687286740.0897253,1
road4,170,87097,153,0,NB441,1687286740.118215,1
road5,152,59840,266,1,ZW169,1687286740.1463926,1
road4,170,87097,124,3,GN979,1687286740.265527,1
road4,170,87097,266,5,WY305,1687286740.266387,1
road9,149,99426,196,4,HU460,1687286740.3553817,1
road1,164,83799,90,1,WV774,1687286740.6608803,1
road9,149,99426,298,0,WN604,1687286740.8548677,1
road9,149,99426,288,2,DK495,1687286740.9779298,1
road0,172,92641,122,1,XY254,1687286741.0338612,1
road0,172,92641,178,0,EJ396,1687286741.214856,1
road1,164,83799,134,3,TQ544,1687286741.26118,1
road0,172,92641,122,1,XY254,1687286741.3658483,1
road8,149,72331,331,6,NN265,1687286741.3923478,1
road4,170,87097,196,4,CH794,1687286741.6738374,1
road0,172,92641,222,2,WA834,1687286741.694866,1
road0,172,92641,96,4,RR258,1687286741.8208318,1
road0,172,92641,122,1,LW495,1687286741.871917,1
road6,135,86558,86479,9,IJ729,1687286741.9528296,-1
road9,149,99426,148,1,YQ218,1687286742.0248282,1
road9,149,99426,92,0,MS552,1687286742.1038237,1
road0,172,92641,483,3,ZF948,1687286742.282537,1
road4,170,87097,196,4,LA440,1687286742.3442583,1
road9,149,99426,148,0,YQ218,1687286742.3868346,1
road0,172,92641,178,1,EJ396,1687286742.42881,1
road6,135,86558,86478,6,HI097,1687286742.479808,-1
road7,200,73889,73599,8,FX930,1687286742.5268068,-1
road9,149,99426,96,4,GT599,1687286742.5308068,1
road3,130,70900,70774,8,CD356,1687286742.5318058,-1
road6,135,86558,86376,7,TA463,1687286742.695607,-1
road9,149,99426,215,1,VH546,1687286742.768798,1
road7,200,73889,73599,8,FX930,1687286743.2350671,-1
road7,200,73889,73627,6,MJ013,1687286743.2897787,-1
road9,149,99426,215,1,VH546,1687286743.326888,1
road6,135,86558,86316,9,CW320,1687286743.3507836,-1
road0,172,92641,104,3,FN188,1687286743.4679914,1
road7,200,73889,73799,7,TL207,1687286743.5165842,-1
road9,149,99426,215,1,VH546,1687286743.5552392,1
road6,135,86558,86354,7,PA224,1687286743.5847876,-1
road3,130,70900,70800,8,LG601,1687286743.7281644,-1
road7,200,73889,73702,10,NY113,1687286743.7747598,-1
road3,130,70900,70837,10,NA345,1687286743.9128954,-1
road6,135,86558,86453,6,YU635,1687286744.0437503,-1
road6,135,86558,86364,6,HH037,1687286744.152961,-1
road6,135,86558,86302,5,SE987,1687286744.2387595,-1
road3,130,70900,70660,10,EJ007,1687286744.2807403,-1
road3,130,70900,70806,15,WP708,1687286744.4287336,-1
road0,172,92641,401,2,CQ094,1687286744.459778,1
road9,149,99426,419,4,HF310,1687286744.5019917,1
road3,130,70900,70774,8,LP691,1687286744.543764,-1
road7,200,73889,73749,9,VI846,1687286744.614896,-1
road3,130,70900,70708,14,KE946,1687286744.7517502,-1
road1,164,83799,230,1,UW541,1687286744.7917235,1
road7,200,73889,73769,7,OB699,1687286745.0327137,-1
road3,130,70900,70774,8,LP691,1687286745.1097121,-1
road8,149,72331,117,2,EG680,1687286745.1237116,1
road3,130,70900,70804,11,DO375,1687286745.2757046,-1
road3,130,70900,70696,13,QQ458,1687286745.3607013,-1
road7,200,73889,73617,9,PB796,1687286745.5369534,-1
road6,135,86558,86316,8,CW320,1687286745.638149,-1
road2,144,62111,61893,10,WF735,1687286745.6627092,-1
road7,200,73889,73819,10,HI566,1687286745.7406583,-1
road2,144,62111,61981,7,TL588,1687286745.7970254,-1
road6,135,86558,86453,5,YU635,1687286745.8938315,-1
road2,144,62111,61959,7,PT204,1687286745.9490848,-1
road2,144,62111,61868,8,KF775,1687286745.982987,-1
road3,130,70900,70774,8,LP691,1687286746.0302432,-1
road6,135,86558,86354,7,ZU833,1687286746.0506487,-1
road3,130,70900,70648,11,HZ761,1687286746.094709,-1
road2,144,62111,62043,10,TL443,1687286746.180644,-1
road2,144,62111,61823,11,UD451,1687286746.3176382,-1
road7,200,73889,73539,11,EG111,1687286746.3326395,-1
road3,130,70900,70774,8,LP691,1687286746.3526638,-1
road2,144,62111,61868,8,KF775,1687286746.4216356,-1
road2,144,62111,61959,7,MV621,1687286746.4220073,-1
road5,152,59840,59461,9,NN201,1687286746.51526,-1
road2,144,62111,61868,8,VP896,1687286746.533692,-1
road2,144,62111,62027,11,KE184,1687286746.5413365,-1
road3,130,70900,70515,10,OO546,1687286746.624627,-1
road6,135,86558,86354,7,ZU833,1687286746.6566265,-1
road5,152,59840,59774,8,YL896,1687286746.6569548,-1
road7,200,73889,73599,8,UV434,1687286746.742623,-1
road7,200,73889,73729,8,GG736,1687286746.743624,-1
road2,144,62111,61959,7,PT204,1687286746.8646195,-1
road5,152,59840,59757,15,AZ064,1687286746.933613,-1
road5,152,59840,59584,11,NL206,1687286746.9626305,-1
road5,152,59840,59757,14,AZ064,1687286747.1652079,-1
road2,144,62111,61984,7,RZ115,1687286747.2350233,-1
road3,130,70900,70840,9,KS674,1687286747.250987,-1
road5,152,59840,59421,8,ZI913,1687286747.4810002,-1
road4,170,87097,86951,11,AB443,1687286747.6701488,-1
road4,170,87097,86769,8,FL018,1687286747.7459693,-1
road5,152,59840,59700,9,ZJ956,1687286748.0979567,-1
road5,152,59840,59572,14,JK068,1687286748.1439536,-1
road5,152,59840,59739,12,FK639,1687286748.2531526,-1
road4,170,87097,87005,8,WU306,1687286748.8183384,-1
road4,170,87097,86911,6,CC329,1687286748.8977897,-1
road5,152,59840,59698,10,VW006,1687286749.147763,-1
road4,170,87097,86973,6,VN728,1687286749.1677642,-1
road4,170,87097,86895,9,AU519,1687286749.340758,-1
road4,170,87097,86984,9,HA688,1687286749.492752,-1
road4,170,87097,86911,7,CC329,1687286749.6357872,-1
road4,170,87097,86957,7,EN900,1687286749.9467196,-1
road0,172,92641,92393,8,JK162,1687286750.4497015,-1
road0,172,92641,92492,6,YI726,1687286751.2806897,-1
road0,172,92641,92515,7,TP339,1687286751.280931,-1
road1,164,83799,83686,5,GO055,1687286751.651697,-1
road0,172,92641,92562,8,LP400,1687286752.0937653,-1
road9,149,99426,99284,9,EJ323,1687286752.2926693,-1
road9,149,99426,99154,7,DD390,1687286752.559647,-1
road0,172,92641,92393,8,OX441,1687286752.678638,-1
road1,164,83799,83328,5,NL928,1687286752.7316375,-1
road9,149,99426,99276,6,JS082,1687286752.8106472,-1
road9,149,99426,99135,6,TN763,1687286752.848633,-1
road1,164,83799,83310,6,BX474,1687286753.5609045,-1
road8,149,72331,72219,8,FW333,1687286753.7233844,-1
road0,172,92641,92349,6,RU897,1687286753.9643745,-1
road1,164,83799,83357,7,GL773,1687286753.9973726,-1
road9,149,99426,99339,5,KA953,1687286754.001375,-1
road1,164,83799,83585,5,GZ789,1687286754.341361,-1
road1,164,83799,83653,6,LW635,1687286754.384958,-1
road6,135,86558,182,0,ZA782,1687286754.5097518,1
road0,172,92641,92393,8,JK162,1687286754.5893526,-1
road8,149,72331,72191,12,AB726,1687286754.8373458,-1
road9,149,99426,99214,9,UH029,1687286754.8893402,-1
road0,172,92641,92279,5,FV511,1687286755.2843273,-1
road8,149,72331,72042,12,EJ199,1687286755.4353669,-1
road6,135,86558,63,0,HH525,1687286755.657187,1
road1,164,83799,83551,7,SR379,1687286755.7301657,-1
road9,149,99426,99276,6,XO910,1687286755.844164,-1
road9,149,99426,99087,8,BL587,1687286755.932723,-1
road9,149,99426,99320,8,PZ338,1687286756.0441546,-1
road7,200,73889,380,1,WA272,1687286756.0602338,1
road8,149,72331,72257,10,ON451,1687286756.1084208,-1
road0,172,92641,92282,7,XS312,1687286756.2201507,-1
road7,200,73889,135,0,NY083,1687286756.317142,1
road9,149,99426,99276,6,JS082,1687286756.4231384,-1
road8,149,72331,72185,8,WD018,1687286756.42517,-1
road7,200,73889,166,4,YF662,1687286756.5693793,1
road7,200,73889,166,4,YF662,1687286757.0001175,1
road6,135,86558,292,4,BQ555,1687286757.1216156,1
road7,200,73889,336,0,QW084,1687286757.179113,1
road7,200,73889,166,4,FL093,1687286757.5150988,1
road7,200,73889,497,0,VB023,1687286757.7040918,1
road6,135,86558,182,0,JY708,1687286757.7510886,1
road8,149,72331,72262,9,TM326,1687286757.8383012,-1
road3,130,70900,237,5,YP145,1687286757.8990872,1
road6,135,86558,424,0,AI125,1687286758.2297566,1
road6,135,86558,182,0,JY708,1687286759.0390425,1
road2,144,62111,134,0,WI179,1687286759.1611872,1
road7,200,73889,165,3,FA233,1687286759.174037,1
road6,135,86558,253,2,UY775,1687286759.229037,1
road3,130,70900,120,0,AI224,1687286759.2940311,1
road2,144,62111,400,2,CS542,1687286759.6580215,1
road6,135,86558,112,2,OG979,1687286759.6960187,1
road2,144,62111,126,3,QA098,1687286759.8490124,1
road3,130,70900,286,0,QX814,1687286760.176535,1
road6,135,86558,222,3,OT436,1687286760.366528,1
road6,135,86558,204,4,AH354,1687286760.6311324,1
road5,152,59840,410,4,OA302,1687286760.6725028,1
road6,135,86558,111,3,RW642,1687286760.7385669,1
road7,200,73889,166,4,YF662,1687286760.7643092,1
road7,200,73889,166,4,YF662,1687286760.9161222,1
road3,130,70900,416,7,BZ488,1687286760.9983845,1
road2,144,62111,91,4,IT578,1687286761.1351128,1
road7,200,73889,294,2,BI172,1687286761.1371143,1
road3,130,70900,478,0,BH673,1687286761.1911116,1
road2,144,62111,551,0,OK906,1687286761.477144,1
road5,152,59840,146,1,UL662,1687286761.6126616,1
road4,170,87097,394,5,WY305,1687286761.7434165,1
road3,130,70900,118,5,TT110,1687286761.804801,1
road6,135,86558,78,4,EX311,1687286761.8670871,1
road3,130,70900,120,0,LD133,1687286761.9760835,1
road5,152,59840,490,7,ZD230,1687286762.0281608,1
road5,152,59840,68,7,VK067,1687286762.0540802,1
road7,200,73889,498,2,EI598,1687286762.065079,1
road3,130,70900,506,5,CT248,1687286762.1641812,1
road5,152,59840,117,2,ON438,1687286762.2600732,1
road2,144,62111,551,1,OK906,1687286762.2630875,1
road2,144,62111,400,2,CS542,1687286762.3621585,1
road2,144,62111,400,2,CS542,1687286762.3660707,1
road7,200,73889,78,2,JK071,1687286762.578061,1
road4,170,87097,167,5,MU141,1687286762.6790574,1
road4,170,87097,196,4,LA440,1687286762.7841194,1
road4,170,87097,298,5,GP312,1687286762.8100526,1
road4,170,87097,306,0,NB441,1687286762.8340685,1
road7,200,73889,502,5,CQ266,1687286762.915049,1
road5,152,59840,69,0,MR311,1687286763.1795163,1
road4,170,87097,592,1,ZN767,1687286763.1803212,1
road4,170,87097,196,4,CH794,1687286763.2112696,1
road3,130,70900,85,1,XS082,1687286763.335382,1
road6,135,86558,210,1,NL165,1687286763.3810318,1
road5,152,59840,198,2,TJ073,1687286763.533885,1
road5,152,59840,196,3,QS065,1687286763.6138828,1
road6,135,86558,220,3,HI969,1687286763.8112826,1
road4,170,87097,256,1,FB364,1687286763.9047272,1
road5,152,59840,492,3,ZY382,1687286764.030724,1
road3,130,70900,144,5,JD763,1687286764.0907428,1
road4,170,87097,73,4,VE145,1687286764.2117665,1
road7,200,73889,392,5,ZX516,1687286764.3692794,1
road2,144,62111,236,4,CA635,1687286764.4014697,1
road0,172,92641,208,3,FN188,1687286764.4052026,1
road2,144,62111,400,2,CS542,1687286764.406711,1
road4,170,87097,129,2,VQ739,1687286764.6127021,1
road5,152,59840,303,5,WK641,1687286764.7722085,1
road4,170,87097,167,0,JK992,1687286764.8402703,1
road3,130,70900,236,6,JM851,1687286764.8962047,1
road7,200,73889,147,1,YX702,1687286764.952547,1
road1,164,83799,413,2,EK016,1687286764.9572017,1
road3,130,70900,238,4,OO395,1687286765.0242002,1
road3,130,70900,120,0,AI224,1687286765.0721972,1
road3,130,70900,120,0,AI224,1687286765.198193,1
road3,130,70900,120,0,AI224,1687286765.2387855,1
road5,152,59840,398,1,ZW169,1687286765.317188,1
road1,164,83799,67,1,ON993,1687286765.320191,1
road5,152,59840,325,2,PI140,1687286765.3204594,1
road9,149,99426,184,0,MS552,1687286765.452182,1
road1,164,83799,86,2,RP998,1687286765.5735807,1
road2,144,62111,400,2,PA873,1687286765.6051788,1
road4,170,87097,248,3,GN979,1687286765.6057591,1
road3,130,70900,328,3,XX272,1687286765.6611097,1
road5,152,59840,134,0,PA680,1687286765.7016153,1
road3,130,70900,106,6,CD085,1687286765.727114,1
road5,152,59840,503,0,QF641,1687286765.818195,1
road3,130,70900,203,7,KF221,1687286765.8515882,1
road0,172,92641,337,2,WA834,1687286765.8521256,1
road9,149,99426,192,4,GT599,1687286765.9972725,1
road1,164,83799,265,4,IA523,1687286766.0217903,1
road4,170,87097,196,4,GT826,1687286766.04812,1
road1,164,83799,375,0,CQ422,1687286766.1812065,1
road1,164,83799,265,4,PI625,1687286766.2311134,1
road1,164,83799,180,1,WV774,1687286766.3176324,1
road9,149,99426,400,0,WN604,1687286766.3301075,1
road9,149,99426,215,1,VH546,1687286766.415486,1
road0,172,92641,88,1,HT488,1687286766.5840995,1
road2,144,62111,194,1,ZB265,1687286766.6310976,1
road1,164,83799,268,3,TQ544,1687286766.690095,1
road3,130,70900,85,2,KD078,1687286766.7434325,1
road9,149,99426,215,1,WK061,1687286766.744445,1
road1,164,83799,342,1,UW541,1687286766.7464435,1
road5,152,59840,278,4,CG687,1687286767.0704322,1
road9,149,99426,215,1,YQ218,1687286767.276426,1
road8,149,72331,118,5,QJ315,1687286767.7124078,1
road8,149,72331,126,3,AI433,1687286768.0793958,1
road9,149,99426,431,2,DK495,1687286768.157838,1
road9,149,99426,78,1,QK167,1687286768.3733845,1
road1,164,83799,265,4,IA523,1687286768.3748324,1
road0,172,92641,192,4,RR258,1687286768.3763852,1
road8,149,72331,190,0,DH294,1687286768.4403822,1
road9,149,99426,215,1,YQ218,1687286768.5223796,1
road9,149,99426,290,4,HU460,1687286768.6216433,1
road0,172,92641,122,1,LW495,1687286768.7064986,1
road0,172,92641,536,1,CQ094,1687286768.7885585,1
road9,149,99426,559,4,HF310,1687286768.8574266,1
road8,149,72331,236,1,ZA183,1687286769.1273572,1
road8,149,72331,126,3,US849,1687286769.1283588,1
road8,149,72331,236,1,ZA183,1687286769.1933532,1
road8,149,72331,126,3,AI433,1687286769.2313528,1
road0,172,92641,122,1,XY254,1687286769.2643516,1
road8,149,72331,88,0,KB351,1687286769.334372,1
road8,149,72331,208,1,YM270,1687286769.3953474,1
road9,149,99426,143,2,PM867,1687286769.431348,1
road8,149,72331,126,3,ZD058,1687286769.467345,1
road4,170,87097,370,3,TE928,1687286769.5628235,1
road8,149,72331,252,5,AR413,1687286769.565402,1
road9,149,99426,184,1,MS552,1687286769.8528,1
road8,149,72331,234,2,EG680,1687286769.927329,1
road8,149,72331,287,2,US776,1687286770.1818583,1
road8,149,72331,236,1,LW698,1687286770.2208564,1
road9,149,99426,215,1,WK061,1687286770.332871,1
road0,172,92641,267,1,EJ396,1687286770.332871,1
road8,149,72331,287,2,US776,1687286770.4608467,1
road6,135,86558,86354,7,ZU833,1687286770.4618466,-1
road8,149,72331,236,1,ZA183,1687286770.5218437,1
road8,149,72331,287,2,PT724,1687286770.5708427,1
road9,149,99426,102,0,SF511,1687286770.631191,1
road8,149,72331,126,3,ZD058,1687286771.2411697,1
road8,149,72331,236,1,ZA183,1687286771.2991672,1
road6,135,86558,86354,7,PA224,1687286771.6839402,-1
road8,149,72331,112,4,JG470,1687286771.7431488,1
road6,135,86558,86354,7,TA463,1687286771.764433,-1
road6,135,86558,86400,9,IJ729,1687286771.898145,-1
road8,149,72331,446,6,NN265,1687286771.898145,1
road8,149,72331,111,3,YX456,1687286772.0171385,1
road8,149,72331,425,5,VR395,1687286772.1191611,1
road7,200,73889,73737,8,CE597,1687286772.1931317,-1
road6,135,86558,86200,8,CW320,1687286772.2361317,-1
road6,135,86558,86172,5,SE987,1687286772.360129,-1
road6,135,86558,86354,7,TA463,1687286772.493123,-1
road7,200,73889,73708,8,OB699,1687286772.5542786,-1
road6,135,86558,86398,6,HI097,1687286772.5542786,-1
road0,172,92641,646,3,ZF948,1687286772.645116,1
road6,135,86558,86266,6,HH037,1687286772.7001715,-1
road6,135,86558,86398,6,YU635,1687286772.8331096,-1
road7,200,73889,73705,6,EU807,1687286772.932106,-1
road7,200,73889,73362,10,EG111,1687286773.0231042,-1
road7,200,73889,73709,7,TL207,1687286773.0301027,-1
road6,135,86558,86354,7,TA463,1687286773.252956,-1
road7,200,73889,73362,11,EG111,1687286773.4239483,-1
road6,135,86558,86354,7,TA463,1687286773.4769695,-1
road6,135,86558,86398,6,YU635,1687286773.6219401,-1
road7,200,73889,73749,10,HI566,1687286773.6489413,-1
road7,200,73889,73636,10,NY113,1687286773.8080468,-1
road7,200,73889,73797,7,GI298,1687286773.808936,-1
road2,144,62111,61959,7,PT204,1687286773.8779323,-1
road7,200,73889,73609,9,VI846,1687286774.0080845,-1
road7,200,73889,73599,8,FX930,1687286774.1309228,-1
road7,200,73889,73708,8,GG736,1687286774.1317556,-1
road2,144,62111,61959,7,TL588,1687286774.194313,-1
road7,200,73889,73708,8,GG736,1687286774.3469152,-1
road2,144,62111,61959,7,MV621,1687286774.7449,-1
road2,144,62111,61959,7,RZ115,1687286774.7981498,-1
road1,164,83799,83573,5,GO055,1687286775.316878,-1
road5,152,59840,59434,14,JK068,1687286775.4098752,-1
road5,152,59840,59776,11,EY301,1687286775.9298081,-1
road3,130,70900,70646,14,KE946,1687286775.9308093,-1
road7,200,73889,73542,6,MJ013,1687286776.0868025,-1
road2,144,62111,61943,11,KE184,1687286776.2900467,-1
road2,144,62111,61868,8,VP896,1687286776.3317928,-1
road2,144,62111,61959,7,TL588,1687286776.3477948,-1
road2,144,62111,62018,7,GB035,1687286776.3877916,-1
road3,130,70900,70774,10,NA345,1687286776.8448205,-1
road7,200,73889,73478,10,PB796,1687286776.9618514,-1
road2,144,62111,61825,10,WF735,1687286777.0255198,-1
road1,164,83799,83431,7,SR379,1687286777.1867616,-1
road5,152,59840,59721,9,UL596,1687286777.2379522,-1
road7,200,73889,73504,9,UV434,1687286777.4037545,-1
road2,144,62111,61959,7,TL588,1687286777.50675,-1
road5,152,59840,59638,12,FK639,1687286777.5508842,-1
road2,144,62111,61868,8,KF775,1687286777.60486,-1
road5,152,59840,59775,13,NW706,1687286777.6471035,-1
road3,130,70900,70774,8,LP691,1687286777.7197442,-1
road3,130,70900,70829,14,AF201,1687286777.7957387,-1
road3,130,70900,70774,8,CD356,1687286778.1017282,-1
road3,130,70900,70780,9,KS674,1687286778.1767402,-1
road2,144,62111,61959,7,RZ115,1687286778.414717,-1
road2,144,62111,61868,8,VP896,1687286778.7043602,-1
road3,130,70900,70708,11,DO375,1687286778.7486417,-1
road2,144,62111,61677,11,UD451,1687286778.7772584,-1
road1,164,83799,83173,5,NL928,1687286778.9062538,-1
road5,152,59840,59727,12,DP723,1687286778.9075644,-1
road1,164,83799,83662,7,AH282,1687286779.0062494,-1
road5,152,59840,59721,8,UL596,1687286779.021252,-1
road4,170,87097,87006,9,PZ520,1687286779.0220866,-1
road5,152,59840,59332,8,ZI913,1687286779.2205632,-1
road5,152,59840,59773,9,EI262,1687286779.3308368,-1
road3,130,70900,70832,11,AQ802,1687286779.4428349,-1
road5,152,59840,59674,14,AZ064,1687286779.5049994,-1
road3,130,70900,70810,9,FR012,1687286779.8178856,-1
road3,130,70900,70526,11,HZ761,1687286779.8219259,-1
road9,149,99426,99252,5,KA953,1687286779.8458405,-1
road5,152,59840,59729,15,II315,1687286779.9118161,-1
road3,130,70900,70594,13,QQ458,1687286780.4875195,-1
road2,144,62111,61959,7,RZ115,1687286780.5365176,-1
road4,170,87097,87004,11,ES821,1687286780.549517,-1
road4,170,87097,87025,8,ZC773,1687286780.7934108,-1
road4,170,87097,86876,11,AB443,1687286780.9014084,-1
road2,144,62111,61959,7,TL588,1687286781.0864134,-1
road3,130,70900,70712,15,WP708,1687286781.450484,-1
road4,170,87097,86938,6,HU401,1687286781.5153852,-1
road5,152,59840,59631,9,ZJ956,1687286781.6272068,-1
road4,170,87097,86913,8,WU306,1687286781.6544156,-1
road5,152,59840,59498,11,NL206,1687286781.6673808,-1
road8,149,72331,72107,7,FW333,1687286781.719378,-1
road1,164,83799,83147,6,BX474,1687286781.7623768,-1
road3,130,70900,70774,8,LG601,1687286781.814964,-1
road5,152,59840,59690,10,WF430,1687286781.863374,-1
road4,170,87097,86655,8,FL018,1687286782.0273902,-1
road3,130,70900,70543,10,EJ007,1687286782.1015568,-1
road5,152,59840,59332,8,NN201,1687286782.1424737,-1
road4,170,87097,86913,8,HA688,1687286782.2223601,-1
road9,149,99426,99356,8,ET031,1687286782.322357,-1
road1,164,83799,83697,5,FH048,1687286782.4433756,-1
road2,144,62111,61975,10,TL443,1687286782.450353,-1
road1,164,83799,83507,6,LW635,1687286782.7033439,-1
road6,135,86558,222,3,HI969,1687286782.753453,1
road0,172,92641,92532,5,UX948,1687286782.7543445,-1
road1,164,83799,83477,5,GZ789,1687286782.8303373,-1
road4,170,87097,86849,7,VN728,1687286782.8748658,-1
road1,164,83799,83211,7,GL773,1687286782.9293349,-1
road9,149,99426,99110,9,UH029,1687286783.0356414,-1
road9,149,99426,99276,6,XO910,1687286783.1303258,-1
road9,149,99426,98973,8,BL587,1687286783.2393217,-1
road5,152,59840,59708,8,YL896,1687286783.2563205,-1
road8,149,72331,71950,12,EJ199,1687286783.303321,-1
road9,149,99426,99276,6,XO910,1687286783.348552,-1
road2,144,62111,61959,7,RZ115,1687286783.4068923,-1
road0,172,92641,92483,8,LP400,1687286783.4543872,-1
road0,172,92641,92393,8,JK162,1687286783.5353603,-1
road4,170,87097,86913,8,HA688,1687286783.5353603,-1
road4,170,87097,86850,7,EN900,1687286783.6503074,-1
road7,200,73889,166,4,YF662,1687286783.7673032,1
road5,152,59840,59626,10,VW006,1687286783.8303015,-1
road3,130,70900,70774,8,LG601,1687286783.8476858,-1
road9,149,99426,99299,5,BT955,1687286783.854301,-1
road0,172,92641,92546,8,WY270,1687286783.961842,-1
road9,149,99426,99214,8,PZ338,1687286784.0553403,-1
road2,144,62111,62007,10,IU050,1687286784.056374,-1
road4,170,87097,86849,6,VN728,1687286784.0597203,-1
road0,172,92641,92163,5,FV511,1687286784.0753438,-1
road4,170,87097,86793,10,AU519,1687286784.124547,-1
road6,135,86558,222,3,HI969,1687286784.1743627,1
road3,130,70900,70774,8,LG601,1687286784.2448475,-1
road6,135,86558,126,0,HH525,1687286784.2603467,1
road6,135,86558,182,0,ZA782,1687286784.3016124,1
road4,170,87097,86850,7,CC329,1687286784.380089,-1
road0,172,92641,92576,9,BB197,1687286784.5017815,-1
road0,172,92641,92393,8,OX441,1687286784.5243466,-1
road6,135,86558,222,3,RW642,1687286784.6143324,1
road0,172,92641,92167,7,XS312,1687286784.6204295,-1
road5,152,59840,59332,8,ZI913,1687286784.6224036,-1
road9,149,99426,99351,9,KK377,1687286784.7486987,-1
road4,170,87097,86913,8,HA688,1687286784.8923411,-1
road3,130,70900,70383,10,OO546,1687286785.107518,-1
road6,135,86558,305,4,AH354,1687286785.1617193,1
road3,130,70900,70774,8,LG601,1687286785.2373307,-1
road6,135,86558,369,4,BQ555,1687286785.3987248,1
road4,170,87097,86850,7,EN900,1687286785.6809525,-1
road7,200,73889,588,5,ZX516,1687286785.8829672,1
road8,149,72331,72117,8,WD018,1687286785.9346268,-1
road8,149,72331,72193,9,TM326,1687286786.1525195,-1
road6,135,86558,182,0,JY708,1687286786.184139,1
road7,200,73889,166,4,FL093,1687286786.2289088,1
road6,135,86558,315,2,UY775,1687286786.2479773,1
road9,149,99426,99276,6,JS082,1687286786.2502954,-1
road6,135,86558,296,3,OT436,1687286786.320053,1
road6,135,86558,314,1,NL165,1687286786.347984,1
road0,172,92641,92450,7,TP339,1687286786.4476125,-1
road8,149,72331,72051,12,AB726,1687286786.5257602,-1
road9,149,99426,99062,7,DD390,1687286786.6527755,-1
road5,152,59840,59565,15,BO582,1687286786.6547756,-1
road0,172,92641,92450,7,YI726,1687286786.7913804,-1
road0,172,92641,92201,6,RU897,1687286787.1247573,-1
road6,135,86558,222,3,HI969,1687286787.3550885,1
road9,149,99426,99142,9,EJ323,1687286787.3978004,-1
road7,200,73889,294,1,YX702,1687286787.4897473,1
road8,149,72331,72183,10,ON451,1687286787.565739,-1
road6,135,86558,127,3,PH167,1687286787.6237388,1
road6,135,86558,156,4,EX311,1687286788.0537233,1
road7,200,73889,156,2,JK071,1687286788.143719,1
road7,200,73889,619,0,VB023,1687286788.4557066,1
road7,200,73889,166,4,FL093,1687286788.5217054,1
road9,149,99426,99033,6,TN763,1687286788.5950587,-1
road7,200,73889,184,0,AE076,1687286788.6147037,1
road0,172,92641,92450,7,YI726,1687286788.7308602,-1
road7,200,73889,665,5,CQ266,1687286788.9380922,1
road6,135,86558,530,0,AI125,1687286788.9800618,1
road6,135,86558,224,2,OG979,1687286789.0667076,1
road7,200,73889,438,2,BI172,1687286789.1379817,1
road6,135,86558,222,3,HI969,1687286789.365676,1
road6,135,86558,305,3,AH354,1687286789.4516697,1
road1,164,83799,265,4,IA523,1687286789.4916708,1
road7,200,73889,442,0,QW084,1687286789.5394034,1
road7,200,73889,471,1,WA272,1687286789.6516635,1
road7,200,73889,270,0,NY083,1687286789.6536615,1
road7,200,73889,660,2,EI598,1687286789.6917686,1
road1,164,83799,268,1,WV774,1687286789.8126564,1
road7,200,73889,330,3,FA233,1687286790.111685,1
road1,164,83799,134,1,ON993,1687286790.235535,1
road1,164,83799,134,0,ZZ513,1687286790.2691941,1
road2,144,62111,200,1,WI179,1687286790.3471744,1
road1,164,83799,172,2,RP998,1687286790.470389,1
road1,164,83799,265,4,PI625,1687286791.4523776,1
road1,164,83799,134,0,ON993,1687286791.5776355,1
road1,164,83799,265,4,PI625,1687286791.6293721,1
road1,164,83799,458,0,CQ422,1687286792.0413573,1
road1,164,83799,458,0,CQ422,1687286792.4594216,1
road1,164,83799,515,2,EK016,1687286793.212313,1
road1,164,83799,458,0,UW541,1687286793.3113174,1
road2,144,62111,691,1,OK906,1687286793.35231,1
road2,144,62111,190,3,QA098,1687286793.35231,1
road1,164,83799,398,3,TQ544,1687286793.6874495,1
road2,144,62111,400,2,PA873,1687286793.7684457,1
road2,144,62111,400,2,PA873,1687286794.031436,1
road2,144,62111,400,2,CS542,1687286794.1254354,1
road3,130,70900,215,5,JD763,1687286795.189393,1
road3,130,70900,311,6,YP145,1687286795.1983929,1
road2,144,62111,66,0,QH109,1687286795.2801378,1
road2,144,62111,66,1,QH109,1687286795.3323882,1
road2,144,62111,200,0,WI179,1687286795.799495,1
road3,130,70900,99,1,DQ575,1687286795.9989834,1
road5,152,59840,616,3,ZY382,1687286796.950434,1
road3,130,70900,215,5,TT110,1687286796.9874063,1
road4,170,87097,498,3,TE928,1687286797.3269324,1
road1,164,83799,134,0,ZZ513,1687286797.416931,1
road4,170,87097,460,0,NB441,1687286797.6204853,1
road3,130,70900,120,0,AI224,1687286797.8729136,1
road3,130,70900,267,7,KF221,1687286798.1559007,1
road2,144,62111,353,5,CA635,1687286798.3258967,1
road3,130,70900,120,0,LD133,1687286798.7858949,1
road2,144,62111,128,5,OP510,1687286799.000871,1
road4,170,87097,65,5,ED249,1687286799.0028722,1
road3,130,70900,170,2,KD078,1687286799.1598907,1
road4,170,87097,334,0,JK992,1687286799.4588544,1
road2,144,62111,292,1,ZB265,1687286799.5768502,1
road3,130,70900,215,5,TT110,1687286799.7508419,1
road5,152,59840,134,2,JA010,1687286799.7738423,1
road3,130,70900,120,0,LD133,1687286799.9932814,1
road4,170,87097,337,1,FB364,1687286800.0678334,1
road3,130,70900,513,7,BZ488,1687286800.385144,1
road4,170,87097,196,4,GT826,1687286800.4441254,1
road4,170,87097,196,4,LA440,1687286800.518125,1
road4,170,87097,258,2,VQ739,1687286800.8023715,1
road5,152,59840,134,4,PS725,1687286800.803651,1
road4,170,87097,524,5,WY305,1687286800.8434258,1
road3,130,70900,68,7,RA773,1687286800.910386,1
road2,144,62111,114,3,KU828,1687286801.2898455,1
road4,170,87097,443,5,GP312,1687286801.4964755,1
road5,152,59840,405,2,PI140,1687286801.667339,1
road3,130,70900,65,6,KY170,1687286801.904328,1
road4,170,87097,196,4,CH794,1687286802.007357,1
road8,149,72331,236,1,ZA183,1687286802.1634004,1
road3,130,70900,437,3,XX272,1687286802.265318,1
road5,152,59840,234,2,ON438,1687286802.313718,1
road5,152,59840,629,0,QF641,1687286802.5014331,1
road3,130,70900,596,0,BH673,1687286802.566382,1
road2,144,62111,182,4,IT578,1687286802.5993032,1
road5,152,59840,131,7,KH066,1687286802.682301,1
road4,170,87097,737,1,ZN767,1687286802.770298,1
road3,130,70900,380,0,QX814,1687286802.9139717,1
road4,170,87097,376,3,GN979,1687286802.994289,1
road5,152,59840,108,0,WE779,1687286803.0802863,1
road5,152,59840,138,0,PA680,1687286803.165283,1
road5,152,59840,138,0,MR311,1687286803.2182794,1
road5,152,59840,530,1,ZW169,1687286803.4542725,1
road0,172,92641,124,4,OP064,1687286803.4892716,1
road3,130,70900,215,5,TT110,1687286804.036248,1
